{
  "name": "my-app",
  "version": "0.1.0",
  "private": true,
  "scripts": {
    "dev": "PORT=3000 next dev",
    "build": "next build",
    "start": "next start",
    "lint": "next lint"
  },
  "dependencies": {
    "@elevenlabs/react": "latest",
    "@hookform/resolvers": "^5.0.1",
    "@stripe/stripe-js": "^4.0.0",
    "stripe": "^17.0.0",
    "@supabase/supabase-js": "^2.47.10",
    "@radix-ui/react-accordion": "^1.2.10",
    "@radix-ui/react-alert-dialog": "^1.1.13",
    "@radix-ui/react-aspect-ratio": "^1.1.6",
    "@radix-ui/react-avatar": "^1.1.9",
    "@radix-ui/react-checkbox": "^1.3.1",
    "@radix-ui/react-collapsible": "^1.1.10",
    "@radix-ui/react-context-menu": "^2.2.14",
    "@radix-ui/react-dialog": "^1.1.13",
    "@radix-ui/react-dropdown-menu": "^2.1.14",
    "@radix-ui/react-hover-card": "^1.1.13",
    "@radix-ui/react-label": "^2.1.6",
    "@radix-ui/react-menubar": "^1.1.14",
    "@radix-ui/react-navigation-menu": "^1.2.12",
    "@radix-ui/react-popover": "^1.1.13",
    "@radix-ui/react-progress": "^1.1.6",
    "@radix-ui/react-radio-group": "^1.3.6",
    "@radix-ui/react-scroll-area": "^1.2.8",
    "@radix-ui/react-select": "^2.2.4",
    "@radix-ui/react-separator": "^1.1.6",
    "@radix-ui/react-slider": "^1.3.4",
    "@radix-ui/react-slot": "^1.2.2",
    "@radix-ui/react-switch": "^1.2.4",
    "@radix-ui/react-tabs": "^1.1.11",
    "@radix-ui/react-toggle": "^1.1.8",
    "@radix-ui/react-toggle-group": "^1.1.9",
    "@radix-ui/react-tooltip": "^1.2.6",
    "class-variance-authority": "^0.7.1",
    "clsx": "^2.1.1",
    "cmdk": "^1.1.1",
    "date-fns": "^3.6.0",
    "embla-carousel-react": "^8.6.0",
    "input-otp": "^1.4.2",
    "lucide-react": "^0.509.0",
    "next": "15.3.2",
    "next-themes": "^0.4.6",
    "react": "^19.0.0",
    "react-day-picker": "^9.8.0",
    "react-dom": "^19.0.0",
    "react-hook-form": "^7.56.3",
    "react-resizable-panels": "^3.0.1",
    "recharts": "^2.15.3",
    "sonner": "^2.0.3",
    "tailwind-merge": "^3.2.0",
    "vaul": "^1.1.2",
    "zod": "^3.24.4"
  },
  "devDependencies": {
    "@eslint/eslintrc": "^3",
    "@tailwindcss/postcss": "^4",
    "@types/node": "^20",
    "@types/react": "^19",
    "@types/react-dom": "^19",
    "autoprefixer": "^10.4.21",
    "eslint": "^9",
    "eslint-config-next": "15.3.2",
    "postcss": "^8.5.3",
    "tailwindcss": "^4.1.6",
    "tw-animate-css": "^1.2.9",
    "typescript": "^5"
  }
}
